"command_path","flag_name"
"aether","config"
"aether","help"
"aether","log-level"
"aether","version"
"aether ad","config"
"aether ad","help"
"aether ad","log-level"
"aether ad asreproast","config"
"aether ad asreproast","dc"
"aether ad asreproast","domain"
"aether ad asreproast","engagement"
"aether ad asreproast","help"
"aether ad asreproast","log-level"
"aether ad asreproast","userlist"
"aether ad asreproast","workspace"
"aether ad ccache","config"
"aether ad ccache","help"
"aether ad ccache","log-level"
"aether ad ccache convert","config"
"aether ad ccache convert","help"
"aether ad ccache convert","input"
"aether ad ccache convert","log-level"
"aether ad ccache convert","output"
"aether ad ccache convert","workspace"
"aether ad ccache show","ccache"
"aether ad ccache show","config"
"aether ad ccache show","help"
"aether ad ccache show","log-level"
"aether ad ccache show","workspace"
"aether ad enum","config"
"aether ad enum","help"
"aether ad enum","log-level"
"aether ad enum asrep","config"
"aether ad enum asrep","dc"
"aether ad enum asrep","domain"
"aether ad enum asrep","engagement"
"aether ad enum asrep","help"
"aether ad enum asrep","log-level"
"aether ad enum asrep","userlist"
"aether ad enum asrep","workspace"
"aether ad enum spn","config"
"aether ad enum spn","dc"
"aether ad enum spn","domain"
"aether ad enum spn","engagement"
"aether ad enum spn","help"
"aether ad enum spn","log-level"
"aether ad enum spn","workspace"
"aether ad enum users","config"
"aether ad enum users","dc"
"aether ad enum users","domain"
"aether ad enum users","engagement"
"aether ad enum users","help"
"aether ad enum users","log-level"
"aether ad enum users","userlist"
"aether ad enum users","workspace"
"aether ad kerberoast","ccache"
"aether ad kerberoast","config"
"aether ad kerberoast","creds"
"aether ad kerberoast","dc"
"aether ad kerberoast","domain"
"aether ad kerberoast","engagement"
"aether ad kerberoast","help"
"aether ad kerberoast","log-level"
"aether ad kerberoast","max-requests"
"aether ad kerberoast","rate-limit"
"aether ad kerberoast","spnlist"
"aether ad kerberoast","workspace"
"aether ad ldap","config"
"aether ad ldap","help"
"aether ad ldap","log-level"
"aether ad ldap acl","config"
"aether ad ldap acl","help"
"aether ad ldap acl","log-level"
"aether ad ldap acl effective","config"
"aether ad ldap acl effective","dc"
"aether ad ldap acl effective","domain"
"aether ad ldap acl effective","engagement"
"aether ad ldap acl effective","help"
"aether ad ldap acl effective","log-level"
"aether ad ldap acl effective","object"
"aether ad ldap acl effective","port"
"aether ad ldap acl effective","principal"
"aether ad ldap acl effective","starttls"
"aether ad ldap acl effective","tls"
"aether ad ldap acl effective","workspace"
"aether ad ldap acl get","config"
"aether ad ldap acl get","dc"
"aether ad ldap acl get","domain"
"aether ad ldap acl get","engagement"
"aether ad ldap acl get","help"
"aether ad ldap acl get","log-level"
"aether ad ldap acl get","object"
"aether ad ldap acl get","port"
"aether ad ldap acl get","starttls"
"aether ad ldap acl get","tls"
"aether ad ldap acl get","workspace"
"aether ad ldap bind","bind-dn"
"aether ad ldap bind","bind-pass"
"aether ad ldap bind","config"
"aether ad ldap bind","help"
"aether ad ldap bind","host"
"aether ad ldap bind","log-level"
"aether ad ldap bind","port"
"aether ad ldap bind","starttls"
"aether ad ldap bind","tls"
"aether ad ldap bind","workspace"
"aether ad ldap enum","config"
"aether ad ldap enum","help"
"aether ad ldap enum","log-level"
"aether ad ldap enum all","config"
"aether ad ldap enum all","dc"
"aether ad ldap enum all","domain"
"aether ad ldap enum all","engagement"
"aether ad ldap enum all","help"
"aether ad ldap enum all","limit"
"aether ad ldap enum all","log-level"
"aether ad ldap enum all","port"
"aether ad ldap enum all","starttls"
"aether ad ldap enum all","tls"
"aether ad ldap enum all","workspace"
"aether ad ldap enum computers","attrs"
"aether ad ldap enum computers","config"
"aether ad ldap enum computers","dc"
"aether ad ldap enum computers","domain"
"aether ad ldap enum computers","engagement"
"aether ad ldap enum computers","filter"
"aether ad ldap enum computers","help"
"aether ad ldap enum computers","limit"
"aether ad ldap enum computers","log-level"
"aether ad ldap enum computers","port"
"aether ad ldap enum computers","starttls"
"aether ad ldap enum computers","tls"
"aether ad ldap enum computers","workspace"
"aether ad ldap enum groups","attrs"
"aether ad ldap enum groups","config"
"aether ad ldap enum groups","dc"
"aether ad ldap enum groups","domain"
"aether ad ldap enum groups","engagement"
"aether ad ldap enum groups","filter"
"aether ad ldap enum groups","help"
"aether ad ldap enum groups","limit"
"aether ad ldap enum groups","log-level"
"aether ad ldap enum groups","port"
"aether ad ldap enum groups","starttls"
"aether ad ldap enum groups","tls"
"aether ad ldap enum groups","workspace"
"aether ad ldap enum ous","attrs"
"aether ad ldap enum ous","config"
"aether ad ldap enum ous","dc"
"aether ad ldap enum ous","domain"
"aether ad ldap enum ous","engagement"
"aether ad ldap enum ous","filter"
"aether ad ldap enum ous","help"
"aether ad ldap enum ous","limit"
"aether ad ldap enum ous","log-level"
"aether ad ldap enum ous","port"
"aether ad ldap enum ous","starttls"
"aether ad ldap enum ous","tls"
"aether ad ldap enum ous","workspace"
"aether ad ldap enum spns","config"
"aether ad ldap enum spns","dc"
"aether ad ldap enum spns","domain"
"aether ad ldap enum spns","engagement"
"aether ad ldap enum spns","help"
"aether ad ldap enum spns","limit"
"aether ad ldap enum spns","log-level"
"aether ad ldap enum spns","port"
"aether ad ldap enum spns","starttls"
"aether ad ldap enum spns","tls"
"aether ad ldap enum spns","workspace"
"aether ad ldap enum users","attrs"
"aether ad ldap enum users","config"
"aether ad ldap enum users","dc"
"aether ad ldap enum users","domain"
"aether ad ldap enum users","engagement"
"aether ad ldap enum users","filter"
"aether ad ldap enum users","help"
"aether ad ldap enum users","limit"
"aether ad ldap enum users","log-level"
"aether ad ldap enum users","port"
"aether ad ldap enum users","starttls"
"aether ad ldap enum users","tls"
"aether ad ldap enum users","workspace"
"aether ad ldap path","config"
"aether ad ldap path","dc"
"aether ad ldap path","domain"
"aether ad ldap path","engagement"
"aether ad ldap path","help"
"aether ad ldap path","log-level"
"aether ad ldap path","max-depth"
"aether ad ldap path","port"
"aether ad ldap path","starttls"
"aether ad ldap path","start-user"
"aether ad ldap path","target"
"aether ad ldap path","tls"
"aether ad ldap path","workspace"
"aether ad ldap rootdse","bind-dn"
"aether ad ldap rootdse","bind-pass"
"aether ad ldap rootdse","config"
"aether ad ldap rootdse","domain"
"aether ad ldap rootdse","help"
"aether ad ldap rootdse","host"
"aether ad ldap rootdse","log-level"
"aether ad ldap rootdse","port"
"aether ad ldap rootdse","starttls"
"aether ad ldap rootdse","tls"
"aether ad ldap rootdse","workspace"
"aether ad tgt","ccache"
"aether ad tgt","config"
"aether ad tgt","dc"
"aether ad tgt","domain"
"aether ad tgt","engagement"
"aether ad tgt","help"
"aether ad tgt","keytab"
"aether ad tgt","log-level"
"aether ad tgt","output"
"aether ad tgt","password"
"aether ad tgt","username"
"aether ad tgt","workspace"
"aether audit","config"
"aether audit","help"
"aether audit","log-level"
"aether audit record","cmd"
"aether audit record","config"
"aether audit record","help"
"aether audit record","log-level"
"aether audit record","result"
"aether audit record","workspace"
"aether audit verify","config"
"aether audit verify","help"
"aether audit verify","log-level"
"aether audit verify","workspace"
"aether cap","config"
"aether cap","help"
"aether cap","log-level"
"aether cap evaluate","app"
"aether cap evaluate","config"
"aether cap evaluate","help"
"aether cap evaluate","log-level"
"aether cap evaluate","output"
"aether cap evaluate","policies"
"aether cap evaluate","user"
"aether cap exploit","app"
"aether cap exploit","browser-preset"
"aether cap exploit","config"
"aether cap exploit","help"
"aether cap exploit","log-level"
"aether cap exploit","policies"
"aether cap exploit","probe"
"aether cap exploit","spoof-ip"
"aether cap exploit","timeout"
"aether cap exploit","user"
"aether cap matrix","apps"
"aether cap matrix","config"
"aether cap matrix","help"
"aether cap matrix","log-level"
"aether cap matrix","output"
"aether cap matrix","policies"
"aether cap matrix","users"
"aether cap parse","browser-preset"
"aether cap parse","config"
"aether cap parse","graph-base"
"aether cap parse","help"
"aether cap parse","log-level"
"aether cap parse","output"
"aether cap parse","tenant"
"aether cap parse","timeout"
"aether cap parse","token"
"aether cap predict","at"
"aether cap predict","config"
"aether cap predict","help"
"aether cap predict","history"
"aether cap predict","log-level"
"aether cap predict","output"
"aether completion","config"
"aether completion","help"
"aether completion","log-level"
"aether completion bash","config"
"aether completion bash","help"
"aether completion bash","log-level"
"aether completion bash","no-descriptions"
"aether completion fish","config"
"aether completion fish","help"
"aether completion fish","log-level"
"aether completion fish","no-descriptions"
"aether completion powershell","config"
"aether completion powershell","help"
"aether completion powershell","log-level"
"aether completion powershell","no-descriptions"
"aether completion zsh","config"
"aether completion zsh","help"
"aether completion zsh","log-level"
"aether completion zsh","no-descriptions"
"aether connect","config"
"aether connect","exec"
"aether connect","help"
"aether connect","i-know-what-im-doing"
"aether connect","insecure"
"aether connect","log-level"
"aether connect","operator-cert"
"aether connect","operator-key"
"aether connect","server"
"aether connect","server-ca"
"aether connect","workspace"
"aether dashboard","bind"
"aether dashboard","config"
"aether dashboard","graph"
"aether dashboard","help"
"aether dashboard","log-level"
"aether dashboard","operator-cert"
"aether dashboard","operator-key"
"aether dashboard","port"
"aether dashboard","server-ca"
"aether dashboard","teamserver"
"aether dashboard","tls-cert"
"aether dashboard","tls-key"
"aether dashboard","workspace"
"aether dashboard view","allow-remote-binding"
"aether dashboard view","audit"
"aether dashboard view","audit-key"
"aether dashboard view","bind-all"
"aether dashboard view","config"
"aether dashboard view","graph"
"aether dashboard view","help"
"aether dashboard view","log-level"
"aether dashboard view","no-audit"
"aether dashboard view","operator"
"aether dashboard view","operators-dir"
"aether dashboard view","port"
"aether dashboard view","require-capability"
"aether dashboard view","tls-cert"
"aether dashboard view","tls-key"
"aether dashboard view","workspace"
"aether doctor","config"
"aether doctor","help"
"aether doctor","log-level"
"aether exec","config"
"aether exec","help"
"aether exec","log-level"
"aether exec aws","access-key"
"aether exec aws","cmd"
"aether exec aws","config"
"aether exec aws","help"
"aether exec aws","instance-id"
"aether exec aws","log-level"
"aether exec aws","region"
"aether exec aws","secret-key"
"aether exec aws","session-token"
"aether exec aws","timeout"
"aether exec aws","workspace"
"aether exec azure","browser-preset"
"aether exec azure","cmd"
"aether exec azure","config"
"aether exec azure","help"
"aether exec azure","log-level"
"aether exec azure","resource-group"
"aether exec azure","subscription-id"
"aether exec azure","timeout"
"aether exec azure","token"
"aether exec azure","vm-id"
"aether exec azure","workspace"
"aether exec gcp","cmd"
"aether exec gcp","config"
"aether exec gcp","help"
"aether exec gcp","log-level"
"aether exec gcp","project"
"aether exec gcp","target"
"aether exec gcp","token"
"aether exec gcp","workspace"
"aether exec github","browser-preset"
"aether exec github","config"
"aether exec github","help"
"aether exec github","log-level"
"aether exec github","ref"
"aether exec github","repo"
"aether exec github","timeout"
"aether exec github","token"
"aether exec github","workflow"
"aether exec github","workspace"
"aether exec imds","client-id"
"aether exec imds","config"
"aether exec imds","help"
"aether exec imds","log-level"
"aether exec imds","object-id"
"aether exec imds","out"
"aether exec imds","resource"
"aether exec imds","timeout"
"aether exec parallel","access-key"
"aether exec parallel","backend"
"aether exec parallel","cmd"
"aether exec parallel","config"
"aether exec parallel","help"
"aether exec parallel","log-level"
"aether exec parallel","parallel"
"aether exec parallel","region"
"aether exec parallel","resource-group"
"aether exec parallel","secret-key"
"aether exec parallel","session-token"
"aether exec parallel","subscription-id"
"aether exec parallel","targets"
"aether exec parallel","targets-file"
"aether exec parallel","timeout"
"aether exec parallel","token"
"aether exec parallel","workspace"
"aether export","config"
"aether export","help"
"aether export","log-level"
"aether export attck","actions"
"aether export attck","config"
"aether export attck","help"
"aether export attck","log-level"
"aether export attck","output"
"aether export attck","workspace"
"aether export audit","config"
"aether export audit","help"
"aether export audit","log-level"
"aether export audit","output"
"aether export audit","workspace"
"aether export executive","bh-json"
"aether export executive","config"
"aether export executive","help"
"aether export executive","log-level"
"aether export executive","output"
"aether export executive","workspace"
"aether export graph","config"
"aether export graph","graph"
"aether export graph","help"
"aether export graph","log-level"
"aether export graph","output"
"aether export pdf","bh-json"
"aether export pdf","config"
"aether export pdf","help"
"aether export pdf","log-level"
"aether export pdf","output"
"aether export pdf","workspace"
"aether export prioritize","config"
"aether export prioritize","cve-map"
"aether export prioritize","graph"
"aether export prioritize","help"
"aether export prioritize","kev-file"
"aether export prioritize","kev-url"
"aether export prioritize","log-level"
"aether export prioritize","max-paths"
"aether export prioritize","risk-threshold"
"aether export report","config"
"aether export report","help"
"aether export report","log-level"
"aether export report","output"
"aether export report","workspace"
"aether export sarif","bh-json"
"aether export sarif","config"
"aether export sarif","help"
"aether export sarif","log-level"
"aether export sarif","output"
"aether export verify-evidence","cache-ttl"
"aether export verify-evidence","cert"
"aether export verify-evidence","config"
"aether export verify-evidence","crl-file"
"aether export verify-evidence","crl-url"
"aether export verify-evidence","fail-closed"
"aether export verify-evidence","help"
"aether export verify-evidence","issuer"
"aether export verify-evidence","json"
"aether export verify-evidence","log-level"
"aether export verify-evidence","responder"
"aether export verify-evidence","revocation"
"aether export verify-evidence","revocation-file"
"aether export verify-evidence","skip-sig-verify"
"aether export verify-evidence","timeout"
"aether graph","config"
"aether graph","help"
"aether graph","log-level"
"aether graph build","browser-preset"
"aether graph build","config"
"aether graph build","graph-base"
"aether graph build","help"
"aether graph build","input"
"aether graph build","kind"
"aether graph build","log-level"
"aether graph build","output"
"aether graph build","timeout"
"aether graph build","token"
"aether graph correlate","config"
"aether graph correlate","graph"
"aether graph correlate","help"
"aether graph correlate","log-level"
"aether graph correlate","max-paths"
"aether graph correlate","risk-threshold"
"aether graph generate","cae-fallback"
"aether graph generate","config"
"aether graph generate","graph"
"aether graph generate","help"
"aether graph generate","log-level"
"aether graph generate","output"
"aether graph generate","path"
"aether graph generate","risk-threshold"
"aether graph qualify","config"
"aether graph qualify","graph"
"aether graph qualify","help"
"aether graph qualify","log-level"
"aether graph qualify","path"
"aether graph qualify","risk-threshold"
"aether graph stats","config"
"aether graph stats","graph"
"aether graph stats","help"
"aether graph stats","log-level"
"aether graph visualize","config"
"aether graph visualize","graph"
"aether graph visualize","help"
"aether graph visualize","log-level"
"aether graph visualize","output"
"aether graph visualize","title"
"aether help","config"
"aether help","help"
"aether help","log-level"
"aether ldap","config"
"aether ldap","help"
"aether ldap","log-level"
"aether ldap acl","config"
"aether ldap acl","help"
"aether ldap acl","log-level"
"aether ldap acl effective","config"
"aether ldap acl effective","dc"
"aether ldap acl effective","domain"
"aether ldap acl effective","engagement"
"aether ldap acl effective","help"
"aether ldap acl effective","log-level"
"aether ldap acl effective","object"
"aether ldap acl effective","port"
"aether ldap acl effective","principal"
"aether ldap acl effective","starttls"
"aether ldap acl effective","tls"
"aether ldap acl effective","workspace"
"aether ldap acl get","config"
"aether ldap acl get","dc"
"aether ldap acl get","domain"
"aether ldap acl get","engagement"
"aether ldap acl get","help"
"aether ldap acl get","log-level"
"aether ldap acl get","object"
"aether ldap acl get","port"
"aether ldap acl get","starttls"
"aether ldap acl get","tls"
"aether ldap acl get","workspace"
"aether ldap bind","bind-dn"
"aether ldap bind","bind-pass"
"aether ldap bind","config"
"aether ldap bind","help"
"aether ldap bind","host"
"aether ldap bind","log-level"
"aether ldap bind","port"
"aether ldap bind","starttls"
"aether ldap bind","tls"
"aether ldap bind","workspace"
"aether ldap enum","config"
"aether ldap enum","help"
"aether ldap enum","log-level"
"aether ldap enum all","config"
"aether ldap enum all","dc"
"aether ldap enum all","domain"
"aether ldap enum all","engagement"
"aether ldap enum all","help"
"aether ldap enum all","limit"
"aether ldap enum all","log-level"
"aether ldap enum all","port"
"aether ldap enum all","starttls"
"aether ldap enum all","tls"
"aether ldap enum all","workspace"
"aether ldap enum computers","attrs"
"aether ldap enum computers","config"
"aether ldap enum computers","dc"
"aether ldap enum computers","domain"
"aether ldap enum computers","engagement"
"aether ldap enum computers","filter"
"aether ldap enum computers","help"
"aether ldap enum computers","limit"
"aether ldap enum computers","log-level"
"aether ldap enum computers","port"
"aether ldap enum computers","starttls"
"aether ldap enum computers","tls"
"aether ldap enum computers","workspace"
"aether ldap enum groups","attrs"
"aether ldap enum groups","config"
"aether ldap enum groups","dc"
"aether ldap enum groups","domain"
"aether ldap enum groups","engagement"
"aether ldap enum groups","filter"
"aether ldap enum groups","help"
"aether ldap enum groups","limit"
"aether ldap enum groups","log-level"
"aether ldap enum groups","port"
"aether ldap enum groups","starttls"
"aether ldap enum groups","tls"
"aether ldap enum groups","workspace"
"aether ldap enum ous","attrs"
"aether ldap enum ous","config"
"aether ldap enum ous","dc"
"aether ldap enum ous","domain"
"aether ldap enum ous","engagement"
"aether ldap enum ous","filter"
"aether ldap enum ous","help"
"aether ldap enum ous","limit"
"aether ldap enum ous","log-level"
"aether ldap enum ous","port"
"aether ldap enum ous","starttls"
"aether ldap enum ous","tls"
"aether ldap enum ous","workspace"
"aether ldap enum spns","config"
"aether ldap enum spns","dc"
"aether ldap enum spns","domain"
"aether ldap enum spns","engagement"
"aether ldap enum spns","help"
"aether ldap enum spns","limit"
"aether ldap enum spns","log-level"
"aether ldap enum spns","port"
"aether ldap enum spns","starttls"
"aether ldap enum spns","tls"
"aether ldap enum spns","workspace"
"aether ldap enum users","attrs"
"aether ldap enum users","config"
"aether ldap enum users","dc"
"aether ldap enum users","domain"
"aether ldap enum users","engagement"
"aether ldap enum users","filter"
"aether ldap enum users","help"
"aether ldap enum users","limit"
"aether ldap enum users","log-level"
"aether ldap enum users","port"
"aether ldap enum users","starttls"
"aether ldap enum users","tls"
"aether ldap enum users","workspace"
"aether ldap path","config"
"aether ldap path","dc"
"aether ldap path","domain"
"aether ldap path","engagement"
"aether ldap path","help"
"aether ldap path","log-level"
"aether ldap path","max-depth"
"aether ldap path","port"
"aether ldap path","starttls"
"aether ldap path","start-user"
"aether ldap path","target"
"aether ldap path","tls"
"aether ldap path","workspace"
"aether ldap rootdse","bind-dn"
"aether ldap rootdse","bind-pass"
"aether ldap rootdse","config"
"aether ldap rootdse","domain"
"aether ldap rootdse","help"
"aether ldap rootdse","host"
"aether ldap rootdse","log-level"
"aether ldap rootdse","port"
"aether ldap rootdse","starttls"
"aether ldap rootdse","tls"
"aether ldap rootdse","workspace"
"aether pivot","config"
"aether pivot","help"
"aether pivot","log-level"
"aether pivot cloud-to-onprem","config"
"aether pivot cloud-to-onprem","domain"
"aether pivot cloud-to-onprem","help"
"aether pivot cloud-to-onprem","kkdcp"
"aether pivot cloud-to-onprem","log-level"
"aether pivot cloud-to-onprem","out"
"aether pivot cloud-to-onprem","timeout"
"aether pivot cloud-to-onprem","token"
"aether pivot cloud-to-onprem","user"
"aether pivot cloud-to-onprem","workspace"
"aether pivot imds","client-id"
"aether pivot imds","config"
"aether pivot imds","help"
"aether pivot imds","log-level"
"aether pivot imds","object-id"
"aether pivot imds","out"
"aether pivot imds","resource"
"aether pivot imds","timeout"
"aether pivot verify-imds","config"
"aether pivot verify-imds","help"
"aether pivot verify-imds","log-level"
"aether plan","config"
"aether plan","help"
"aether plan","log-level"
"aether plan export","config"
"aether plan export","help"
"aether plan export","log-level"
"aether plan export","output"
"aether plan export","workspace"
"aether plan generate","config"
"aether plan generate","graph"
"aether plan generate","help"
"aether plan generate","log-level"
"aether plan generate","max-steps"
"aether plan generate","output"
"aether plan generate","parallel"
"aether plan generate","policy"
"aether plan generate","workspace"
"aether plan train","config"
"aether plan train","episodes"
"aether plan train","epochs"
"aether plan train","epsilon"
"aether plan train","help"
"aether plan train","learning-rate"
"aether plan train","log-level"
"aether plan train","output"
"aether plugins","config"
"aether plugins","help"
"aether plugins","index"
"aether plugins","log-level"
"aether plugins install","allow-unsigned"
"aether plugins install","config"
"aether plugins install","help"
"aether plugins install","index"
"aether plugins install","log-level"
"aether plugins install","name"
"aether plugins install","workspace"
"aether plugins installed","config"
"aether plugins installed","help"
"aether plugins installed","index"
"aether plugins installed","log-level"
"aether plugins search","config"
"aether plugins search","help"
"aether plugins search","index"
"aether plugins search","log-level"
"aether plugins search","query"
"aether providers","config"
"aether providers","domain"
"aether providers","help"
"aether providers","log-level"
"aether providers","token"
"aether providers exec","cmd"
"aether providers exec","config"
"aether providers exec","domain"
"aether providers exec","help"
"aether providers exec","log-level"
"aether providers exec","target"
"aether providers exec","token"
"aether providers list","config"
"aether providers list","domain"
"aether providers list","help"
"aether providers list","log-level"
"aether providers list","token"
"aether providers users","config"
"aether providers users","domain"
"aether providers users","help"
"aether providers users","log-level"
"aether providers users","token"
"aether providers validate","config"
"aether providers validate","domain"
"aether providers validate","help"
"aether providers validate","log-level"
"aether providers validate","token"
"aether prt","config"
"aether prt","help"
"aether prt","log-level"
"aether prt convert","browser-preset"
"aether prt convert","client-id"
"aether prt convert","config"
"aether prt convert","help"
"aether prt convert","log-level"
"aether prt convert","output"
"aether prt convert","prt-file"
"aether prt convert","resource"
"aether prt convert","tenant"
"aether prt convert","timeout"
"aether prt convert","tls-binding"
"aether prt extract","config"
"aether prt extract","dump"
"aether prt extract","help"
"aether prt extract","log-level"
"aether prt extract","output"
"aether prt import","config"
"aether prt import","help"
"aether prt import","log-level"
"aether prt import","prt"
"aether prt import","tls-binding"
"aether prt import","workspace"
"aether prt show","config"
"aether prt show","help"
"aether prt show","log-level"
"aether prt show","prt-file"
"aether relay","config"
"aether relay","help"
"aether relay","log-level"
"aether relay cae-handler","client-id"
"aether relay cae-handler","config"
"aether relay cae-handler","help"
"aether relay cae-handler","log-level"
"aether relay cae-handler","refresh-token"
"aether relay cae-handler","resource"
"aether relay cae-handler","tenant"
"aether relay devicecode","client-id"
"aether relay devicecode","config"
"aether relay devicecode","help"
"aether relay devicecode","log-level"
"aether relay devicecode","tenant"
"aether relay devicecode","timeout"
"aether relay fido2-downgrade","config"
"aether relay fido2-downgrade","device-claim"
"aether relay fido2-downgrade","domain"
"aether relay fido2-downgrade","help"
"aether relay fido2-downgrade","log-level"
"aether relay fido2-downgrade","mex"
"aether relay fido2-downgrade","username"
"aether relay mex","config"
"aether relay mex","domain"
"aether relay mex","help"
"aether relay mex","log-level"
"aether relay mex","mex"
"aether relay mfa","applies-to"
"aether relay mfa","browser-preset"
"aether relay mfa","client-id"
"aether relay mfa","config"
"aether relay mfa","help"
"aether relay mfa","log-level"
"aether relay mfa","output"
"aether relay mfa","password"
"aether relay mfa","sts-endpoint"
"aether relay mfa","tenant"
"aether relay mfa","timeout"
"aether relay mfa","username"
"aether relay saml-strip","config"
"aether relay saml-strip","file"
"aether relay saml-strip","help"
"aether relay saml-strip","log-level"
"aether relay saml-strip","output"
"aether relay stretch","client-id"
"aether relay stretch","config"
"aether relay stretch","help"
"aether relay stretch","log-level"
"aether relay stretch","max-refresh"
"aether relay stretch","output"
"aether relay stretch","refresh-token"
"aether relay stretch","tenant"
"aether relay ztna","applies-to"
"aether relay ztna","client-id"
"aether relay ztna","config"
"aether relay ztna","help"
"aether relay ztna","log-level"
"aether relay ztna","password"
"aether relay ztna","tenant"
"aether relay ztna","username"
"aether replay","config"
"aether replay","confirm"
"aether replay","file"
"aether replay","filter"
"aether replay","help"
"aether replay","log-level"
"aether replay save","config"
"aether replay save","graph"
"aether replay save","help"
"aether replay save","log-level"
"aether replay save","output"
"aether replay save","path"
"aether replay save","risk-threshold"
"aether rollback","config"
"aether rollback","help"
"aether rollback","log-level"
"aether rollback list","config"
"aether rollback list","help"
"aether rollback list","log-level"
"aether rollback list","workspace"
"aether rollback push","config"
"aether rollback push","detail"
"aether rollback push","help"
"aether rollback push","kind"
"aether rollback push","log-level"
"aether rollback push","op"
"aether rollback push","provider"
"aether rollback push","target"
"aether rollback push","undo-cmd"
"aether rollback push","workspace"
"aether rollback undo","config"
"aether rollback undo","help"
"aether rollback undo","log-level"
"aether rollback undo","workspace"
"aether run","auto"
"aether run","behavior"
"aether run","bh-json"
"aether run","config"
"aether run","help"
"aether run","log-level"
"aether run","low-slow"
"aether run","passphrase"
"aether run","persona"
"aether run","policies"
"aether run","prt-file"
"aether run","respect-hours"
"aether run","risk-threshold"
"aether run","seed"
"aether run","workspace"
"aether run plan","config"
"aether run plan","help"
"aether run plan","log-level"
"aether run plan","parallel"
"aether run plan","plan"
"aether run plan","workspace"
"aether serve","ca-cert"
"aether serve","config"
"aether serve","health-path"
"aether serve","help"
"aether serve","listen"
"aether serve","log-level"
"aether serve","max-conns"
"aether serve","metrics-addr"
"aether serve","metrics-path"
"aether serve","operators-dir"
"aether serve","passphrase"
"aether serve","ready-path"
"aether serve","revoked"
"aether serve","server-cert"
"aether serve","server-key"
"aether serve","workspace"
"aether serve cert","config"
"aether serve cert","help"
"aether serve cert","log-level"
"aether serve cert init","config"
"aether serve cert init","dir"
"aether serve cert init","extra-hosts"
"aether serve cert init","help"
"aether serve cert init","log-level"
"aether serve cert issue","caps"
"aether serve cert issue","config"
"aether serve cert issue","days"
"aether serve cert issue","dir"
"aether serve cert issue","help"
"aether serve cert issue","log-level"
"aether serve cert issue","operator"
"aether serve cert revoke","config"
"aether serve cert revoke","dir"
"aether serve cert revoke","help"
"aether serve cert revoke","log-level"
"aether serve cert revoke","operator"
"aether simulate","action"
"aether simulate","config"
"aether simulate","help"
"aether simulate","json"
"aether simulate","log-level"
"aether simulate","new-device"
"aether simulate","time-of-day"
"aether simulate","unknown-location"
"aether simulate fuzz","config"
"aether simulate fuzz","count"
"aether simulate fuzz","help"
"aether simulate fuzz","log-level"
"aether simulate fuzz","ndjson"
"aether simulate fuzz","output"
"aether simulate fuzz","seed"
"aether simulate stream","config"
"aether simulate stream","count"
"aether simulate stream","hec-token"
"aether simulate stream","hec-url"
"aether simulate stream","help"
"aether simulate stream","index"
"aether simulate stream","log-level"
"aether simulate stream","seed"
"aether simulate stream","timeout"
"aether simulate stream","workspace"
"aether token","config"
"aether token","help"
"aether token","log-level"
"aether token confuse","config"
"aether token confuse","e"
"aether token confuse","help"
"aether token confuse","jwt"
"aether token confuse","log-level"
"aether token confuse","n"
"aether token confuse","set-claim"
"aether token protect","browser-preset"
"aether token protect","client-id"
"aether token protect","config"
"aether token protect","help"
"aether token protect","log-level"
"aether token protect","output"
"aether token protect","prt-file"
"aether token protect","resource"
"aether token protect","tenant"
"aether token protect","timeout"
"aether token protect","tls-binding"
"aether token repurpose","aud"
"aether token repurpose","config"
"aether token repurpose","help"
"aether token repurpose","jwt"
"aether token repurpose","log-level"
"aether token show","binding"
"aether token show","config"
"aether token show","help"
"aether token show","log-level"
"aether tunnel","browser-preset"
"aether tunnel","config"
"aether tunnel","help"
"aether tunnel","log-level"
"aether tunnel","proxy"
"aether tunnel","rotate-ja4"
"aether tunnel","test-url"
"aether validate","config"
"aether validate","help"
"aether validate","log-level"
"aether validate path","bh-json"
"aether validate path","config"
"aether validate path","graph-base"
"aether validate path","graph-token"
"aether validate path","help"
"aether validate path","log-level"
"aether validate path","output"
"aether validate path","risk-threshold"
"aether validate profile","config"
"aether validate profile","help"
"aether validate profile","log-level"
"aether validate profile apply","config"
"aether validate profile apply","help"
"aether validate profile apply","log-level"
"aether validate profile apply","output"
"aether validate profile apply","profile"
"aether validate profile show","config"
"aether validate profile show","help"
"aether validate profile show","log-level"
"aether validate risk","action"
"aether validate risk","blueteam"
"aether validate risk","business-hours"
"aether validate risk","config"
"aether validate risk","edr"
"aether validate risk","help"
"aether validate risk","log-level"
"aether validate risk","output"
"aether validate risk","risk-threshold"
"aether validate risk","siem"
"aether validate risk","target"
"aether validate soc","action"
"aether validate soc","config"
"aether validate soc","help"
"aether validate soc","log-level"
"aether validate soc","new-device"
"aether validate soc","time-of-day"
"aether validate soc","unknown-location"
"aether validate stealth","action"
"aether validate stealth","browser-preset"
"aether validate stealth","config"
"aether validate stealth","help"
"aether validate stealth","log-level"
"aether validate stealth","low-slow"
"aether validate stealth","new-device"
"aether validate stealth","time-of-day"
"aether validate stealth","unknown-location"
"aether watch","autopilot"
"aether watch","config"
"aether watch","help"
"aether watch","interval"
"aether watch","log-level"
"aether watch","max-risk"
"aether watch","seed-graph"
"aether watch","workspace"
"aether workspace","config"
"aether workspace","help"
"aether workspace","log-level"
"aether workspace create","allow-empty-passphrase"
"aether workspace create","config"
"aether workspace create","help"
"aether workspace create","log-level"
"aether workspace create","passphrase"
"aether workspace delete","config"
"aether workspace delete","force"
"aether workspace delete","help"
"aether workspace delete","log-level"
"aether workspace delete","passphrase"
"aether workspace delete","workspace"
"aether workspace info","config"
"aether workspace info","help"
"aether workspace info","log-level"
"aether workspace info","passphrase"
"aether workspace info","workspace"
"aether workspace list","config"
"aether workspace list","help"
"aether workspace list","log-level"
"aether workspace rekey","config"
"aether workspace rekey","confirm-keyless"
"aether workspace rekey","help"
"aether workspace rekey","log-level"
"aether workspace rekey","new-passphrase"
"aether workspace rekey","old-passphrase"
"aether workspace rekey","workspace"
"aether workspace report","config"
"aether workspace report","help"
"aether workspace report","log-level"
"aether workspace report","output"
"aether workspace report","passphrase"
"aether workspace report","workspace"
"aether ztna","browser-preset"
"aether ztna","config"
"aether ztna","help"
"aether ztna","log-level"
"aether ztna detect","browser-preset"
"aether ztna detect","config"
"aether ztna detect","help"
"aether ztna detect","log-level"
"aether ztna exec","browser-preset"
"aether ztna exec","cmd"
"aether ztna exec","config"
"aether ztna exec","help"
"aether ztna exec","log-level"
"aether ztna exec","target"
"aether ztna exec","timeout"
